"title","url","platform","options","description","numforecasts","stars"
"Next permanent leader of the Conservative Party, after Boris Johnson","https://smarkets.com/event/886716/politics/uk/uk-party-leaders/next-conservative-leader","Smarkets","[{""name"":""Sajid Javid"",""probability"":0.03793477189870924,""type"":""PROBABILITY""},{""name"":""Rory Stewart"",""probability"":0.0009853187506158245,""type"":""PROBABILITY""},{""name"":""Jacob Rees-Mogg"",""probability"":0.025913883141196182,""type"":""PROBABILITY""},{""name"":""Penny Mordaunt"",""probability"":0.027391861267119916,""type"":""PROBABILITY""},{""name"":""Jeremy Hunt"",""probability"":0.10946891319341809,""type"":""PROBABILITY""},{""name"":""James Cleverly"",""probability"":0,""type"":""PROBABILITY""},{""name"":""Dominic Raab"",""probability"":0.06572076066607549,""type"":""PROBABILITY""},{""name"":""Tom Tugendhat"",""probability"":0.06355305941472067,""type"":""PROBABILITY""},{""name"":""Priti Patel"",""probability"":0.0533057444083161,""type"":""PROBABILITY""},{""name"":""Amber Rudd"",""probability"":0.005517785003448617,""type"":""PROBABILITY""},{""name"":""Johnny Mercer"",""probability"":0,""type"":""PROBABILITY""},{""name"":""Michael Gove"",""probability"":0.08207705192629818,""type"":""PROBABILITY""},{""name"":""Matthew Hancock"",""probability"":0.0533057444083161,""type"":""PROBABILITY""},{""name"":""Liz Truss"",""probability"":0.03941275002463298,""type"":""PROBABILITY""},{""name"":""Gavin Williamson"",""probability"":0.03941275002463298,""type"":""PROBABILITY""},{""name"":""Andrea Leadsom"",""probability"":0.014090058133806288,""type"":""PROBABILITY""},{""name"":""Geoffrey Cox"",""probability"":0,""type"":""PROBABILITY""},{""name"":""Tobias Ellwood"",""probability"":0,""type"":""PROBABILITY""},{""name"":""Steve Baker"",""probability"":0.030741945019213724,""type"":""PROBABILITY""},{""name"":""Ruth Davidson"",""probability"":0.02345058626465662,""type"":""PROBABILITY""},{""name"":""Esther McVey"",""probability"":0.009853187506158245,""type"":""PROBABILITY""},{""name"":""Philip Hammond"",""probability"":0,""type"":""PROBABILITY""},{""name"":""Rishi Sunak"",""probability"":0.31786382894866494,""type"":""PROBABILITY""}]","Contracts to be added on request",,"★★☆☆☆"
"Gender of next Conservative leader","https://smarkets.com/event/886716/politics/uk/uk-party-leaders/next-conservative-leader","Smarkets","[{""name"":""Male"",""probability"":0.7736942156241513,""type"":""PROBABILITY""},{""name"":""Female"",""probability"":0.22630578437584864,""type"":""PROBABILITY""}]","What will be the gender of the next permanent Conservative Party leader, after Boris Johnson?",,"★★☆☆☆"
"Next German Chancellor after Angela Merkel","https://smarkets.com/event/974485/politics/europe/germany/next-german-chancellor-2019","Smarkets","[{""name"":""Friedrich Merz"",""probability"":0.005865359362689312,""type"":""PROBABILITY""},{""name"":""Annegret Kramp-Karrenbauer"",""probability"":0.018996760920948964,""type"":""PROBABILITY""},{""name"":""Jens Spahn"",""probability"":0.05646502670051651,""type"":""PROBABILITY""},{""name"":""Armin Laschet"",""probability"":0.3709183226823076,""type"":""PROBABILITY""},{""name"":""Robert Habeck"",""probability"":0.06486912369780269,""type"":""PROBABILITY""},{""name"":""Alice Weidel"",""probability"":0,""type"":""PROBABILITY""},{""name"":""Andrea Nahles"",""probability"":0,""type"":""PROBABILITY""},{""name"":""Daniel Gunther"",""probability"":0,""type"":""PROBABILITY""},{""name"":""Ralph Brinkhaus"",""probability"":0.03501707082202574,""type"":""PROBABILITY""},{""name"":""Wolfgang Schäuble"",""probability"":0,""type"":""PROBABILITY""},{""name"":""Julia Klockner"",""probability"":0,""type"":""PROBABILITY""},{""name"":""Heiko Maas"",""probability"":0,""type"":""PROBABILITY""},{""name"":""Malu Dreyer"",""probability"":0,""type"":""PROBABILITY""},{""name"":""Peter Altmaier"",""probability"":0,""type"":""PROBABILITY""},{""name"":""Ralf Stegner"",""probability"":0,""type"":""PROBABILITY""},{""name"":""Ursula Von der Leyen"",""probability"":0.027313315241180077,""type"":""PROBABILITY""},{""name"":""Sahra Wagenknecht"",""probability"":0,""type"":""PROBABILITY""},{""name"":""Martin Sonneborn"",""probability"":0,""type"":""PROBABILITY""},{""name"":""Markus Söder"",""probability"":0.38396218156351225,""type"":""PROBABILITY""},{""name"":""Olaf Scholz"",""probability"":0.033703930666199776,""type"":""PROBABILITY""},{""name"":""Norbert Röttgen"",""probability"":0.0028889083428171236,""type"":""PROBABILITY""},{""name"":""Annalena Baerbock"",""probability"":0,""type"":""PROBABILITY""}]","",,"★★☆☆☆"
"Next permanent leader of the SNP after Nicola Sturgeon","https://smarkets.com/event/1467262/politics/uk/uk-party-leaders/snp-leader","Smarkets","[{""name"":""Derek Mackay"",""probability"":null,""type"":""PROBABILITY""},{""name"":""Humza Yousaf"",""probability"":null,""type"":""PROBABILITY""},{""name"":""Stewart Hosie"",""probability"":null,""type"":""PROBABILITY""},{""name"":""Mhairi Black"",""probability"":null},{""name"":""Shona Robison"",""probability"":null,""type"":""PROBABILITY""},{""name"":""John Swinney"",""probability"":null,""type"":""PROBABILITY""},{""name"":""Keith Brown"",""probability"":null},{""name"":""Joanna Cherry"",""probability"":null,""type"":""PROBABILITY""},{""name"":""Angus Robertson"",""probability"":null,""type"":""PROBABILITY""},{""name"":""Alex Salmond"",""probability"":null},{""name"":""Michael Matheson"",""probability"":null,""type"":""PROBABILITY""},{""name"":""Tommy Sheppard"",""probability"":null},{""name"":""Angela Constance"",""probability"":null},{""name"":""Roseanna Cunningham"",""probability"":null}]","",,"★★☆☆☆"
"Year in which Boris Johnson will cease to be Prime Minister","https://smarkets.com/event/4399382/politics/uk/uk-party-leaders/borisjohnson","Smarkets","[{""probability"":0.009962143853357242,""type"":""PROBABILITY""},{""probability"":0.00009962143853357243,""type"":""PROBABILITY""},{""name"":""2021"",""probability"":0.10828850368599323,""type"":""PROBABILITY""},{""name"":""2022 or later"",""probability"":0.881649731022116,""type"":""PROBABILITY""}]","",,"★★☆☆☆"
"Boris Johnson to be the last Prime Minister of a four country UK","https://smarkets.com/event/4399382/politics/uk/uk-party-leaders/borisjohnson","Smarkets","[{""name"":""Yes"",""probability"":0.05664798777381558,""type"":""PROBABILITY""},{""name"":""No"",""probability"":0.9433520122261844,""type"":""PROBABILITY""}]","With disruptions caused by the post Brexit settlement with the EU could the country could split apart. This would make Boris Johnson the last PM of a four-country UK. ",,"★★☆☆☆"
"Next Prime Minister after Boris Johnson","https://smarkets.com/event/4765465/politics/uk/next-pm/next-pm","Smarkets","[{""name"":""Jeremy Corbyn"",""probability"":0.015382248884786958,""type"":""PROBABILITY""},{""name"":""Nigel Farage"",""probability"":0.008075680664513153,""type"":""PROBABILITY""},{""name"":""Jo Swinson"",""probability"":0.0915243808644824,""type"":""PROBABILITY""},{""name"":""Keir Starmer"",""probability"":0.16720504537763423,""type"":""PROBABILITY""},{""name"":""Rebecca Long-Bailey"",""probability"":0.010998307952622674,""type"":""PROBABILITY""},{""name"":""Sajid Javid"",""probability"":0.025611444393170285,""type"":""PROBABILITY""},{""name"":""Angela Rayner"",""probability"":0,""type"":""PROBABILITY""},{""name"":""Dominic Raab"",""probability"":0.04276265189970774,""type"":""PROBABILITY""},{""name"":""Emily Thornberry"",""probability"":0,""type"":""PROBABILITY""},{""name"":""Jacob Rees-Mogg"",""probability"":0.025611444393170285,""type"":""PROBABILITY""},{""name"":""Rory Stewart"",""probability"":0.01668974003999385,""type"":""PROBABILITY""},{""name"":""Amber Rudd"",""probability"":0.022611905860636827,""type"":""PROBABILITY""},{""name"":""Dominic Grieve"",""probability"":0,""type"":""PROBABILITY""},{""name"":""Johnny Mercer"",""probability"":0,""type"":""PROBABILITY""},{""name"":""Michael Gove"",""probability"":0.059144746962005855,""type"":""PROBABILITY""},{""name"":""Penny Mordaunt"",""probability"":0,""type"":""PROBABILITY""},{""name"":""Ruth Davidson"",""probability"":0.02138132594985387,""type"":""PROBABILITY""},{""name"":""Tom Watson"",""probability"":0.01668974003999385,""type"":""PROBABILITY""},{""name"":""Yvette Cooper"",""probability"":0.029610829103214893,""type"":""PROBABILITY""},{""name"":""Gavin Williamson"",""probability"":0,""type"":""PROBABILITY""},{""name"":""Geoffrey Cox"",""probability"":0,""type"":""PROBABILITY""},{""name"":""James Cleverly"",""probability"":0,""type"":""PROBABILITY""},{""name"":""Jeremy Hunt"",""probability"":0.06991232118135672,""type"":""PROBABILITY""},{""name"":""John McDonnell"",""probability"":0,""type"":""PROBABILITY""},{""name"":""Lisa Nandy"",""probability"":0.0384556222119674,""type"":""PROBABILITY""},{""name"":""Liz Truss"",""probability"":0.03660975234579296,""type"":""PROBABILITY""},{""name"":""Priti Patel"",""probability"":0.03660975234579296,""type"":""PROBABILITY""},{""name"":""Tom Tugendhat"",""probability"":0,""type"":""PROBABILITY""},{""name"":""Ken Clarke"",""probability"":0.04660821412090448,""type"":""PROBABILITY""},{""name"":""Harriet Harman"",""probability"":0.007691124442393479,""type"":""PROBABILITY""},{""name"":""Margaret Beckett"",""probability"":0.05699123211813568,""type"":""PROBABILITY""},{""name"":""Rishi Sunak"",""probability"":0.1538224888478696,""type"":""PROBABILITY""},{""name"":""Matthew Hancock"",""probability"":0,""type"":""PROBABILITY""}]","Contracts to be added on request",,"★★☆☆☆"
"NY-22 Congressional District Winner","https://smarkets.com/event/32279294/politics/us/2020-house-representatives-results/new-york-22-congressional-district-race","Smarkets","[{""name"":""Democratic"",""probability"":0.6297324817180413,""type"":""PROBABILITY""},{""name"":""Republican"",""probability"":0.3702675182819587,""type"":""PROBABILITY""}]","Which party will win in New York's 22nd Congressional District in the 2020 House of Representatives Election? Contracts to be added on request.",,"★★☆☆☆"
"Year of next General Election","https://smarkets.com/event/34757345/politics/uk/year-next-general-election-2020/year-next-ge-2020","Smarkets","[{""name"":""2020"",""probability"":0.04608719697667988,""type"":""PROBABILITY""},{""name"":""2021"",""probability"":0.06581251728269887,""type"":""PROBABILITY""},{""name"":""2022"",""probability"":0.09217439395335976,""type"":""PROBABILITY""},{""name"":""2023"",""probability"":0.16462346760070054,""type"":""PROBABILITY""},{""name"":""2024 or later"",""probability"":0.6313024241865609,""type"":""PROBABILITY""}]","",,"★★☆☆☆"
"Year of next Scottish referendum","https://smarkets.com/event/39181409/politics/uk/scottish-independence/year-scottish-referendum","Smarkets","[{""name"":""2020"",""probability"":0.07764344119085889,""type"":""PROBABILITY""},{""name"":""2021"",""probability"":0.04822139911943532,""type"":""PROBABILITY""},{""name"":""2022"",""probability"":0.17471521420085262,""type"":""PROBABILITY""},{""name"":""2023"",""probability"":0.09986721643720735,""type"":""PROBABILITY""},{""name"":""2024"",""probability"":0.2729750506674121,""type"":""PROBABILITY""},{""name"":""2025 or later"",""probability"":0.3265776783842337,""type"":""PROBABILITY""}]","",,"★★☆☆☆"
"Next Cabinet Member to leave","https://smarkets.com/event/41589478/politics/uk/cabinet/next-cabinet-member-to-leave","Smarkets","[{""name"":""Boris Johnson"",""probability"":0.07564130673098006,""type"":""PROBABILITY""},{""name"":""Rishi Sunak"",""probability"":0.05481254110940583,""type"":""PROBABILITY""},{""name"":""Dominic Raab"",""probability"":0,""type"":""PROBABILITY""},{""name"":""Priti Patel"",""probability"":0.04768691076518307,""type"":""PROBABILITY""},{""name"":""Michael Gove"",""probability"":0.1043630782723087,""type"":""PROBABILITY""},{""name"":""Robert Buckland"",""probability"":0.08770006577504934,""type"":""PROBABILITY""},{""name"":""Ben Wallace"",""probability"":0.13045384784038588,""type"":""PROBABILITY""},{""name"":""Matt Hancock"",""probability"":0.06851567638675729,""type"":""PROBABILITY""},{""name"":""Alok Sharma"",""probability"":0.07827230870423152,""type"":""PROBABILITY""},{""name"":""Elizabeth Truss"",""probability"":0.05930716948037711,""type"":""PROBABILITY""},{""name"":""Thérèse Coffey"",""probability"":0,""type"":""PROBABILITY""},{""name"":""Gavin Williamson"",""probability"":0.16125849594387198,""type"":""PROBABILITY""},{""name"":""George Eustice"",""probability"":0,""type"":""PROBABILITY""},{""name"":""Robert Jenrick"",""probability"":0.08430168822626617,""type"":""PROBABILITY""},{""name"":""Grant Shapps"",""probability"":0,""type"":""PROBABILITY""},{""name"":""Brandon Lewis"",""probability"":0,""type"":""PROBABILITY""},{""name"":""Alister Jack"",""probability"":0,""type"":""PROBABILITY""},{""name"":""Simon Hart"",""probability"":0,""type"":""PROBABILITY""},{""name"":""Baroness Evans of Bowes Park"",""probability"":0,""type"":""PROBABILITY""},{""name"":""Oliver Dowden"",""probability"":0,""type"":""PROBABILITY""},{""name"":""Amanda Milling"",""probability"":0.04768691076518307,""type"":""PROBABILITY""}]","",,"★★☆☆☆"
"Party to get the most seats","https://smarkets.com/event/41607302/politics/uk/next-uk-general-election/most-seats-by-party","Smarkets","[{""name"":""Labour"",""probability"":0.4190312410432789,""type"":""PROBABILITY""},{""name"":""Conservatives"",""probability"":0.527849431546766,""type"":""PROBABILITY""},{""name"":""Liberal Democrats"",""probability"":0.05311932740995509,""type"":""PROBABILITY""}]","Contracts to be added on request.",,"★★☆☆☆"
"USA and UK to sign a trade deal in 2021","https://smarkets.com/event/41616796/politics/uk/brexit/uk-usa-trade-deal","Smarkets","[{""name"":""Yes"",""probability"":0.25555450505814503,""type"":""PROBABILITY""},{""name"":""No"",""probability"":0.744445494941855,""type"":""PROBABILITY""}]","",,"★★☆☆☆"
"Year of next General Election in Hungary","https://smarkets.com/event/41618602/politics/europe/hungary/year-of-next-general-election","Smarkets","[{""name"":""2022 or earlier"",""probability"":0.3964413291096583,""type"":""PROBABILITY""},{""name"":""2023"",""probability"":0.2011862236301139,""type"":""PROBABILITY""},{""name"":""2024"",""probability"":0.2011862236301139,""type"":""PROBABILITY""},{""name"":""2025 or later"",""probability"":0.2011862236301139,""type"":""PROBABILITY""}]","The Hungarian parliament passed a state of emergency bill in March 2020 giving prime minister Viktor Orbán the power to rule by decree, only ending when Orbán's government sees fit. During this period, no elections will be held. The next Hungarian parliamentary election is scheduled to take place in 2022 or earlier, but will it?",,"★★☆☆☆"
"Most seats in the Welsh Assembly Elections 2021","https://smarkets.com/event/41618654/politics/uk/scotland/welsh-assembly-elections-2021","Smarkets","[{""name"":""Labour"",""probability"":0.8492647058823529,""type"":""PROBABILITY""},{""name"":""Conservatives"",""probability"":0.10473227752639516,""type"":""PROBABILITY""},{""name"":""Plaid Cymru"",""probability"":0.032522624434389136,""type"":""PROBABILITY""},{""name"":""Liberal Democrats"",""probability"":0.013480392156862742,""type"":""PROBABILITY""}]","",,"★★☆☆☆"
"Winner of the 2022 French presidential election","https://smarkets.com/event/41620572/politics/europe/france/french-presidential-election-2022","Smarkets","[{""name"":""Emmanuel Macron"",""probability"":null,""type"":""PROBABILITY""},{""name"":""Marine Le Pen"",""probability"":null,""type"":""PROBABILITY""},{""name"":""Jean-Luc Mélenchon"",""probability"":null,""type"":""PROBABILITY""},{""name"":""François Baroin"",""probability"":null,""type"":""PROBABILITY""},{""name"":""Xavier Bertrand"",""probability"":null,""type"":""PROBABILITY""},{""name"":""Yannick Jadot"",""probability"":null,""type"":""PROBABILITY""},{""name"":""Olivier Faure"",""probability"":null,""type"":""PROBABILITY""},{""name"":""Jean-Marie Bigard"",""probability"":null,""type"":""PROBABILITY""},{""name"":""Jean Lassalle"",""probability"":null,""type"":""PROBABILITY""},{""name"":""Joachim Son-Forget"",""probability"":null,""type"":""PROBABILITY""},{""name"":""Anne Hidalgo"",""probability"":null,""type"":""PROBABILITY""},{""name"":""Bernard Cazeneuve"",""probability"":null,""type"":""PROBABILITY""},{""name"":""Nicolas Dupont-Aignan"",""probability"":null,""type"":""PROBABILITY""},{""name"":""Arnaud Montebourg"",""probability"":null,""type"":""PROBABILITY""},{""name"":""Ségolène Royal"",""probability"":null,""type"":""PROBABILITY""},{""name"":""Florian Philippot"",""probability"":null,""type"":""PROBABILITY""},{""name"":""Edouard Philippe"",""probability"":null}]","Which candidate will win the 2022 French presidential election?",,"★★☆☆☆"
"Macron first round vote share","https://smarkets.com/event/41620572/politics/europe/france/french-presidential-election-2022","Smarkets","[{""name"":""Under 25%"",""probability"":0.5155602574274882,""type"":""PROBABILITY""},{""name"":""25% or over"",""probability"":0.48443974257251166,""type"":""PROBABILITY""},{""probability"":0,""type"":""PROBABILITY""},{""probability"":0,""type"":""PROBABILITY""}]","What will incumbent president Emmanuel Macron's vote share be in the first round of the 2022 French presidential election?",,"★★☆☆☆"
"Next permanent leader of the Labour Party, after Keir Starmer","https://smarkets.com/event/41622144/politics/uk/uk-party-leaders/next-labour-leader-after-starmer","Smarkets","[{""name"":""Angela Rayner"",""probability"":null,""type"":""PROBABILITY""},{""name"":""Lisa Nandy"",""probability"":null,""type"":""PROBABILITY""},{""name"":""Sadiq Khan"",""probability"":null,""type"":""PROBABILITY""},{""name"":""Rebecca Long-Bailey"",""probability"":null,""type"":""PROBABILITY""},{""name"":""Anneliese Dodds"",""probability"":null,""type"":""PROBABILITY""},{""name"":""Rosena Allin-Khan"",""probability"":null,""type"":""PROBABILITY""},{""name"":""Andy Burnham"",""probability"":null,""type"":""PROBABILITY""},{""name"":""Yvette Cooper"",""probability"":null,""type"":""PROBABILITY""},{""name"":""Clive Lewis"",""probability"":null,""type"":""PROBABILITY""},{""name"":""John McDonnell"",""probability"":null,""type"":""PROBABILITY""},{""name"":""Ian Lavery"",""probability"":null,""type"":""PROBABILITY""},{""name"":""Dan Jarvis"",""probability"":null,""type"":""PROBABILITY""},{""name"":""Emily Thornberry"",""probability"":null,""type"":""PROBABILITY""},{""name"":""Nick Thomas-Symonds"",""probability"":null,""type"":""PROBABILITY""},{""name"":""Sam Tarry"",""probability"":null,""type"":""PROBABILITY""},{""name"":""Louise Haigh"",""probability"":null,""type"":""PROBABILITY""},{""name"":""Richard Burgon"",""probability"":null,""type"":""PROBABILITY""},{""name"":""Dawn Butler"",""probability"":null,""type"":""PROBABILITY""},{""name"":""Dan Carden"",""probability"":null,""type"":""PROBABILITY""},{""name"":""Jess Phillips"",""probability"":null,""type"":""PROBABILITY""},{""name"":""David Lammy"",""probability"":null,""type"":""PROBABILITY""},{""name"":""Jon Trickett"",""probability"":null,""type"":""PROBABILITY""},{""name"":""Barry Gardiner"",""probability"":null,""type"":""PROBABILITY""},{""name"":""Seema Malhotra"",""probability"":null,""type"":""PROBABILITY""},{""name"":""Jonathan Ashworth"",""probability"":null,""type"":""PROBABILITY""},{""name"":""Ed Miliband"",""probability"":null,""type"":""PROBABILITY""},{""name"":""Hilary Benn"",""probability"":null,""type"":""PROBABILITY""},{""name"":""Stella Creasy"",""probability"":null,""type"":""PROBABILITY""},{""name"":""Rachel Reeves"",""probability"":null,""type"":""PROBABILITY""},{""name"":""Laura Pidcock"",""probability"":null,""type"":""PROBABILITY""},{""name"":""Charlotte Nichols"",""probability"":null,""type"":""PROBABILITY""},{""name"":""Kate Osborne"",""probability"":null,""type"":""PROBABILITY""},{""name"":""Margaret Greenwood"",""probability"":null,""type"":""PROBABILITY""},{""name"":""Zarah Sultana"",""probability"":null}]","Keir Starmer was elected Labour Party leader on 4 April 2020. Who will be his successor?

Other candidates available on request.",,"★★☆☆☆"
"Gender of the next Labour leader","https://smarkets.com/event/41622144/politics/uk/uk-party-leaders/next-labour-leader-after-starmer","Smarkets","[{""name"":""Female"",""probability"":0.5508474576271186,""type"":""PROBABILITY""},{""name"":""Male"",""probability"":0.4491525423728813,""type"":""PROBABILITY""}]","The Labour Party has never had a permanent female leader. Could Keir Starmer's successor be the first?",,"★★☆☆☆"
"Year of next General Election to take place in Israel","https://smarkets.com/event/41634554/politics/world/israel/year-of-next-israeli-general-election","Smarkets","[{""name"":""2020"",""probability"":0.03763359927743489,""type"":""PROBABILITY""},{""name"":""2021"",""probability"":0.7307692307692307,""type"":""PROBABILITY""},{""name"":""2022 or later"",""probability"":0.23159716995333432,""type"":""PROBABILITY""}]","",,"★★☆☆☆"
"First Minister to leave the Cabinet?","https://smarkets.com/event/41636607/politics/uk/cabinet/raab-versus-hancock-first-to-go","Smarkets","[{""name"":""Dominic Raab"",""probability"":0.40996613449443636,""type"":""PROBABILITY""},{""name"":""Matt Hancock"",""probability"":0.5900338655055636,""type"":""PROBABILITY""}]","With the controversies over the ordering of PPE and the delivery of it to hospitals will Dominic Raab or Matt Hancock leave the Cabinet first? ",,"★★☆☆☆"
"Keir Starmer exit date","https://smarkets.com/event/41659361/politics/uk/uk-party-leaders/keir-starmer-exit-date","Smarkets","[{""name"":""2023 or earlier"",""probability"":0.25863145686501915,""type"":""PROBABILITY""},{""name"":""2024"",""probability"":0.3431171380140958,""type"":""PROBABILITY""},{""name"":""2025 or later"",""probability"":0.39825140512088497,""type"":""PROBABILITY""}]","When will Keir Starmer cease to be leader of the Labour Party?",,"★★☆☆☆"
"2021 London mayoral election winner","https://smarkets.com/event/41659442/politics/uk/london-mayoral-election/2021-london-mayoral-election","Smarkets","[{""name"":""Sadiq Khan"",""probability"":0.927550615323541,""type"":""PROBABILITY""},{""name"":""Shaun Bailey"",""probability"":0.022528781262405716,""type"":""PROBABILITY""},{""name"":""Siân Berry"",""probability"":0.00009924573243350536,""type"":""PROBABILITY""},{""name"":""Siobhan Benita"",""probability"":0.00009924573243350536,""type"":""PROBABILITY""},{""name"":""Brian Rose"",""probability"":0.04962286621675268,""type"":""PROBABILITY""},{""name"":""Mandu Reid"",""probability"":0.00009924573243350536,""type"":""PROBABILITY""}]","Who will be elected mayor of London in the 2021 mayoral election? Contracts added on request.",,"★★☆☆☆"
"Sadiq Khan to get over 50% in first round","https://smarkets.com/event/41659455/politics/uk/london-mayoral-election/sadiq-khan-to-win-on-first-preferences","Smarkets","[{""name"":""Yes"",""probability"":0.29048731931100147,""type"":""PROBABILITY""},{""name"":""No"",""probability"":0.7095126806889985,""type"":""PROBABILITY""}]","Will Sadiq Khan receive over 50% of the vote in the first round of the 2021 London mayoral election?",,"★★☆☆☆"
"2021 West Midlands mayoral election winner","https://smarkets.com/event/41664162/politics/uk/local-elections/2021-west-midlands-mayoral-election-winner","Smarkets","[{""name"":""Andy Street"",""probability"":0.6161293542269688,""type"":""PROBABILITY""},{""name"":""Liam Byrne"",""probability"":0.38387064577303126,""type"":""PROBABILITY""},{""name"":""Beverley Nielsen"",""probability"":0,""type"":""PROBABILITY""},{""name"":""Kathryn Downs"",""probability"":0,""type"":""PROBABILITY""}]","Who will be elected mayor of the West Midlands in the 2021 mayoral election? Contracts added on request.",,"★★☆☆☆"
"2021 Tees Valley mayoral election winner","https://smarkets.com/event/41664244/politics/uk/local-elections/2021-tees-valley-mayoral-election-winner","Smarkets","[{""name"":""Ben Houchen"",""probability"":0.724179585262734,""type"":""PROBABILITY""},{""name"":""Jessie Joe Jacobs"",""probability"":0.27582041473726593,""type"":""PROBABILITY""}]","Who will be elected mayor of the Tees Valley in the 2021 mayoral election? Contracts added on request.",,"★★☆☆☆"
"Scottish Parliament election 2021 winner","https://smarkets.com/event/41664419/politics/uk/scotland/scottish-parliament-election-2021","Smarkets","[{""name"":""SNP"",""probability"":0.9096499526963103,""type"":""PROBABILITY""},{""name"":""Conservative"",""probability"":0.02052980132450331,""type"":""PROBABILITY""},{""name"":""Labour"",""probability"":0.017218543046357615,""type"":""PROBABILITY""},{""name"":""Liberal Democrats"",""probability"":0.05260170293282876,""type"":""PROBABILITY""}]","Which party will win the most seats in the 2021 Scottish Parliament election? Contracts added on request.",,"★★☆☆☆"
"Scottish Parliament election 2021 most seats (w/o SNP)","https://smarkets.com/event/41664420/politics/uk/scotland/scottish-parliament-election-2021-winner-w-o-snp","Smarkets","[{""name"":""Conservative"",""probability"":0.5717348426378527,""type"":""PROBABILITY""},{""name"":""Labour"",""probability"":0.3199554069119287,""type"":""PROBABILITY""},{""name"":""Liberal Democrats"",""probability"":0.08575593859874796,""type"":""PROBABILITY""},{""name"":""Green"",""probability"":0.022553811851470713,""type"":""PROBABILITY""}]","Which party (excluding the SNP) will win the most seats in the 2021 Scottish Parliament election? Contracts added on request.",,"★★☆☆☆"
"Local elections highest vote share","https://smarkets.com/event/41665773/politics/uk/local-elections/highest-vote-share","Smarkets","[{""name"":""Conservative"",""probability"":0.5961538461538461,""type"":""PROBABILITY""},{""name"":""Labour"",""probability"":0.40384615384615385,""type"":""PROBABILITY""}]","Which party will receive the highest national equivalent vote share at the 2021 United Kingdom local elections?",,"★★☆☆☆"
"Next permanent leader of fine gael after Leo Varadkar","https://smarkets.com/event/41669531/politics/europe/ireland/fine-gael-leader","Smarkets","[{""name"":""Simon Coveney"",""probability"":0.6757322175732217,""type"":""PROBABILITY""},{""name"":""Paschal Donohoe"",""probability"":0.101115760111576,""type"":""PROBABILITY""},{""name"":""Helen McEntee"",""probability"":0.12633658763365874,""type"":""PROBABILITY""},{""name"":""Josepha Madigan"",""probability"":0.09681543468154347,""type"":""PROBABILITY""},{""name"":""Simon Harris"",""probability"":0,""type"":""PROBABILITY""},{""name"":""Heather Humphreys"",""probability"":0,""type"":""PROBABILITY""},{""name"":""Eoghan Murphy"",""probability"":0,""type"":""PROBABILITY""},{""name"":""Charles Flanagan"",""probability"":0,""type"":""PROBABILITY""},{""name"":""Sean Kyne"",""probability"":0,""type"":""PROBABILITY""},{""name"":""Richard Bruton"",""probability"":0,""type"":""PROBABILITY""},{""name"":""Paul Kehoe"",""probability"":0,""type"":""PROBABILITY""},{""name"":""Martin Heydon"",""probability"":0,""type"":""PROBABILITY""},{""name"":""Joe McHugh"",""probability"":0,""type"":""PROBABILITY""},{""name"":""Michael Ring"",""probability"":0,""type"":""PROBABILITY""},{""name"":""Michael Creed"",""probability"":0,""type"":""PROBABILITY""},{""name"":""Colm Brophy"",""probability"":0,""type"":""PROBABILITY""}]","Contracts to be added on request.",,"★★☆☆☆"
"Irish reunification referendum before 2023","https://smarkets.com/event/41676064/politics/uk/scotland/irish-reunification-referendum-before-2023","Smarkets","[{""name"":""Yes"",""probability"":0.17627357659086904,""type"":""PROBABILITY""},{""name"":""No"",""probability"":0.8237264234091309,""type"":""PROBABILITY""}]","Will Northern Ireland hold a referendum on Irish reunification on or before 31 December 2022?",,"★★☆☆☆"
"Next Scottish First Minister","https://smarkets.com/event/41696009/politics/uk/scotland/next-scottish-first-minister","Smarkets","[{""name"":""Kate Forbes"",""probability"":0.4077608142493639,""type"":""PROBABILITY""},{""name"":""Angus Robertson"",""probability"":0,""type"":""PROBABILITY""},{""name"":""John Swinney"",""probability"":0.4077608142493639,""type"":""PROBABILITY""},{""name"":""Keith Brown"",""probability"":0,""type"":""PROBABILITY""},{""name"":""Humza Yousaf"",""probability"":0,""type"":""PROBABILITY""},{""name"":""Shirley-Anne Somerville"",""probability"":0,""type"":""PROBABILITY""},{""name"":""Michael Russell"",""probability"":0,""type"":""PROBABILITY""},{""name"":""Ruth Davidson"",""probability"":0.18447837150127228,""type"":""PROBABILITY""},{""name"":""Shona Robison"",""probability"":0,""type"":""PROBABILITY""},{""name"":""Richard Leonard"",""probability"":0,""type"":""PROBABILITY""},{""name"":""Mhairi Black"",""probability"":0,""type"":""PROBABILITY""},{""name"":""Michael Matheson"",""probability"":0,""type"":""PROBABILITY""},{""name"":""Joanna Cherry"",""probability"":0,""type"":""PROBABILITY""},{""name"":""Jackson Carlaw"",""probability"":0,""type"":""PROBABILITY""},{""name"":""Stewart Hosie"",""probability"":0,""type"":""PROBABILITY""}]","Who will be the next First Minister of Scotland after Nicola Sturgeon? Other contracts available on request.",,"★★☆☆☆"
"French Presidential election to happen before 2022","https://smarkets.com/event/41709221/politics/europe/france/early-presidential-election","Smarkets","[{""name"":""Yes"",""probability"":0.1252665739452944,""type"":""PROBABILITY""},{""name"":""No"",""probability"":0.8747334260547056,""type"":""PROBABILITY""}]","",,"★★☆☆☆"
"Will Keir Starmer face a leadership challenge?","https://smarkets.com/event/41730234/politics/uk/uk-party-leaders/keir-starmer-to-face-leadership-challenge","Smarkets","[{""name"":""Yes"",""probability"":0.17219113215669393,""type"":""PROBABILITY""},{""name"":""No"",""probability"":0.8278088678433061,""type"":""PROBABILITY""}]","Will any candidate receive the nominations of at least 20% of Labour MPs to challenge Keir Starmer for the party leadership before the next UK general election?",,"★★☆☆☆"
"UK to begin imports of chlorinated chicken","https://smarkets.com/event/41731856/politics/uk/brexit/chlorinated-chicken","Smarkets","[{""name"":""Yes"",""probability"":0.06568897036358082,""type"":""PROBABILITY""},{""name"":""No"",""probability"":0.9343110296364192,""type"":""PROBABILITY""}]","Will the UK begin importing chlorine-washed chicken products following the end of the transition period on 31 December 2020, but on or before 30 June 2021?",,"★★☆☆☆"
"Washington, D.C. to become a state before 2022","https://smarkets.com/event/41736144/politics/us/51st-state/washington-d-c-to-become-a-state-by-2021","Smarkets","[{""name"":""Yes"",""probability"":0.16320736244370473,""type"":""PROBABILITY""},{""name"":""No"",""probability"":0.8367926375562953,""type"":""PROBABILITY""}]","Will Washington, D.C. become a state before 1 January 2022?",,"★★☆☆☆"
"Puerto Rico to become a state before 2022","https://smarkets.com/event/41736169/politics/us/51st-state/puerto-rico-to-become-a-state-before-2022","Smarkets","[{""name"":""Yes"",""probability"":0.12472560367192177,""type"":""PROBABILITY""},{""name"":""No"",""probability"":0.8752743963280782,""type"":""PROBABILITY""}]","Will Puerto Rico become a state before 1 January 2022?",,"★★☆☆☆"
"Next Fianna Fáil leader","https://smarkets.com/event/41761772/politics/europe/ireland/next-fianna-fail-leader-after-micheal-martin","Smarkets","[{""name"":""Jim O'Callaghan"",""probability"":0.39789438502673796,""type"":""PROBABILITY""},{""name"":""Michael McGrath"",""probability"":0.3410762032085562,""type"":""PROBABILITY""},{""name"":""Dara Calleary"",""probability"":0.2610294117647059,""type"":""PROBABILITY""},{""name"":""Thomas Byrne"",""probability"":0,""type"":""PROBABILITY""},{""name"":""Niall Collins"",""probability"":0,""type"":""PROBABILITY""},{""name"":""James Lawless"",""probability"":0,""type"":""PROBABILITY""},{""name"":""Paul McAuliffe"",""probability"":0,""type"":""PROBABILITY""},{""name"":""Darragh O'Brien"",""probability"":0,""type"":""PROBABILITY""},{""name"":""Norma Foley"",""probability"":0,""type"":""PROBABILITY""},{""name"":""Robert Troy"",""probability"":0,""type"":""PROBABILITY""},{""name"":""John McGuinness"",""probability"":0,""type"":""PROBABILITY""},{""name"":""Jack Chambers"",""probability"":0,""type"":""PROBABILITY""},{""name"":""James Browne"",""probability"":0,""type"":""PROBABILITY""},{""name"":""Anne Rabbitte"",""probability"":0,""type"":""PROBABILITY""},{""name"":""Seán Ó Fearghail"",""probability"":0,""type"":""PROBABILITY""},{""name"":""Eamon O'Cuiv"",""probability"":0,""type"":""PROBABILITY""},{""name"":""Mary Butler"",""probability"":0,""type"":""PROBABILITY""}]","Who will be the next permanent Fianna Fáil leader after Micheál Martin? Contracts added on request.",,"★★☆☆☆"
"Next Scottish independence referendum result (before 2022)","https://smarkets.com/event/41774246/politics/uk/scotland/result-of-indie-ref","Smarkets","[{""name"":""For independence"",""probability"":0.5534059668058242,""type"":""PROBABILITY""},{""name"":""Against independence"",""probability"":0.4465940331941757,""type"":""PROBABILITY""}]","",,"★★☆☆☆"
"Will the SNP have an overall majority following the 2021 Scottish Election?","https://smarkets.com/event/41793318/politics/uk/scotland/2021-scottish-parliament-election-snp-majority","Smarkets","[{""name"":""Yes"",""probability"":0.8137771918259723,""type"":""PROBABILITY""},{""name"":""No"",""probability"":0.1862228081740277,""type"":""PROBABILITY""}]","",,"★★☆☆☆"
"Next general election overall majority","https://smarkets.com/event/41817534/politics/uk/next-uk-general-election/next-general-election-overall-majority","Smarkets","[{""name"":""No overall majority"",""probability"":0.4391107613614007,""type"":""PROBABILITY""},{""name"":""Conservative majority"",""probability"":0.30739720637418844,""type"":""PROBABILITY""},{""name"":""Labour majority"",""probability"":0.24906551249262243,""type"":""PROBABILITY""},{""name"":""Liberal Democrat majority"",""probability"":0.004426519771788313,""type"":""PROBABILITY""}]","Which party (if any) will win an overall majority at the next UK general election? Contracts added on request.",,"★★☆☆☆"
"Date of next Japanese general election","https://smarkets.com/event/41891949/politics/world/japan/date-of-next-general-election","Smarkets","[{""name"":""Before 22 October 2021"",""probability"":0.5904173106646059,""type"":""PROBABILITY""},{""name"":""22 October 2021 or later"",""probability"":0.4095826893353941,""type"":""PROBABILITY""}]","When will the next Japanese general election take place?",,"★★☆☆☆"
"Belarus to have a General Election in 2021","https://smarkets.com/event/41933267/politics/europe/belorussia/general-election","Smarkets","[{""name"":""Yes"",""probability"":0.4664641271325076,""type"":""PROBABILITY""},{""name"":""No"",""probability"":0.5335358728674924,""type"":""PROBABILITY""}]","",,"★★☆☆☆"
"Joe Biden to serve full term","https://smarkets.com/event/41935107/politics/us/joe-biden/biden-to-serve-full-term","Smarkets","[{""name"":""Yes"",""probability"":0.5526118000751598,""type"":""PROBABILITY""},{""name"":""No"",""probability"":0.44738819992484025,""type"":""PROBABILITY""}]","Will Joe Biden serve his first term as President of the United States in full? See market rules for more details.",,"★★☆☆☆"
"2024 Democratic presidential nominee","https://smarkets.com/event/41936389/politics/us/2024-presidential-election/2024-democratic-presidential-nominee","Smarkets","[{""name"":""Joe Biden"",""probability"":0.38062883026911803,""type"":""PROBABILITY""},{""name"":""Kamala Harris"",""probability"":0.3976818545163869,""type"":""PROBABILITY""},{""name"":""Elizabeth Warren"",""probability"":0.05555555555555555,""type"":""PROBABILITY""},{""name"":""Alexandria Ocasio-Cortez"",""probability"":0.02664535038635758,""type"":""PROBABILITY""},{""name"":""Michelle Obama"",""probability"":0.049293898214761524,""type"":""PROBABILITY""},{""name"":""Pete Buttigieg"",""probability"":0.06661337596589395,""type"":""PROBABILITY""},{""name"":""Gavin Newsom"",""probability"":0,""type"":""PROBABILITY""},{""name"":""Nina Turner"",""probability"":0,""type"":""PROBABILITY""},{""name"":""Andrew Cuomo"",""probability"":0,""type"":""PROBABILITY""},{""name"":""Bernie Sanders"",""probability"":0.022248867572608577,""type"":""PROBABILITY""},{""name"":""Rashida Tlaib"",""probability"":0,""type"":""PROBABILITY""},{""name"":""Ayanna Pressley"",""probability"":0,""type"":""PROBABILITY""},{""name"":""Andrew Yang"",""probability"":0,""type"":""PROBABILITY""},{""name"":""Amy Klobuchar"",""probability"":0,""type"":""PROBABILITY""},{""name"":""Eric Garcetti"",""probability"":0,""type"":""PROBABILITY""},{""name"":""Cory Booker"",""probability"":0,""type"":""PROBABILITY""},{""name"":""Gretchen Whitmer"",""probability"":0,""type"":""PROBABILITY""},{""name"":""Michael Bloomberg"",""probability"":0.001332267519317879,""type"":""PROBABILITY""}]","Who will be the Democratic candidate for the 2024 US presidential election? Other contracts added on request.",,"★★☆☆☆"
"2024 Republican presidential nominee","https://smarkets.com/event/41936834/politics/us/2024-presidential-election/2024-republican-presidential-nominee","Smarkets","[{""name"":""Donald Trump"",""probability"":0.2906196048340687,""type"":""PROBABILITY""},{""name"":""Donald Trump Jr."",""probability"":0.03203529637444849,""type"":""PROBABILITY""},{""name"":""Tom Cotton"",""probability"":0.045655093036639165,""type"":""PROBABILITY""},{""name"":""Mike Pence"",""probability"":0.06618070209092652,""type"":""PROBABILITY""},{""name"":""Tucker Carlson"",""probability"":0.04162670247458277,""type"":""PROBABILITY""},{""name"":""Ted Cruz"",""probability"":0.07999232687511988,""type"":""PROBABILITY""},{""name"":""Nikki Haley"",""probability"":0.2085171686169192,""type"":""PROBABILITY""},{""name"":""Marco Rubio"",""probability"":0.03203529637444849,""type"":""PROBABILITY""},{""name"":""Josh Hawley"",""probability"":0.08344523307116822,""type"":""PROBABILITY""},{""name"":""Ivanka Trump"",""probability"":0.11989257625167848,""type"":""PROBABILITY""},{""name"":""Mike Pompeo"",""probability"":0,""type"":""PROBABILITY""},{""name"":""Dan Crenshaw"",""probability"":0,""type"":""PROBABILITY""},{""name"":""Chris Christie"",""probability"":0,""type"":""PROBABILITY""},{""name"":""Eric Trump"",""probability"":0,""type"":""PROBABILITY""},{""name"":""Larry Hogan"",""probability"":0,""type"":""PROBABILITY""},{""name"":""Rick Scott"",""probability"":0,""type"":""PROBABILITY""},{""name"":""Tim Scott"",""probability"":0,""type"":""PROBABILITY""}]","Who will be the Republican candidate for the 2024 US presidential election? Other contracts added on request.",,"★★☆☆☆"
"2024 US presidential winner","https://smarkets.com/event/41938283/politics/us/2024-presidential-election/2024-presidential-winner","Smarkets","[{""name"":""Joe Biden"",""probability"":0.159437848315968,""type"":""PROBABILITY""},{""name"":""Kamala Harris"",""probability"":0.24230676035861398,""type"":""PROBABILITY""},{""name"":""Donald Trump"",""probability"":0.13460140537921006,""type"":""PROBABILITY""},{""name"":""Tucker Carlson"",""probability"":0.027501817300702686,""type"":""PROBABILITY""},{""name"":""Tom Cotton"",""probability"":0.0121153380179307,""type"":""PROBABILITY""},{""name"":""Mike Pence"",""probability"":0.0484613520717228,""type"":""PROBABILITY""},{""name"":""Donald Trump Jr."",""probability"":0.07123818754543251,""type"":""PROBABILITY""},{""name"":""Ted Cruz"",""probability"":0.0242306760358614,""type"":""PROBABILITY""},{""name"":""Alexandria Ocasio-Cortez"",""probability"":0.08080930457959776,""type"":""PROBABILITY""},{""name"":""Michelle Obama"",""probability"":0,""type"":""PROBABILITY""},{""name"":""Nikki Haley"",""probability"":0.07814393021565301,""type"":""PROBABILITY""},{""name"":""Elizabeth Warren"",""probability"":0,""type"":""PROBABILITY""},{""name"":""Gavin Newsom"",""probability"":0,""type"":""PROBABILITY""},{""name"":""Andrew Cuomo"",""probability"":0,""type"":""PROBABILITY""},{""name"":""Marco Rubio"",""probability"":0,""type"":""PROBABILITY""},{""name"":""Nina Turner"",""probability"":0,""type"":""PROBABILITY""},{""name"":""Pete Buttigieg"",""probability"":0.060576690089653495,""type"":""PROBABILITY""},{""name"":""Bernie Sanders"",""probability"":0,""type"":""PROBABILITY""},{""name"":""Rashida Tlaib"",""probability"":0,""type"":""PROBABILITY""},{""name"":""Josh Hawley"",""probability"":0,""type"":""PROBABILITY""},{""name"":""Mike Pompeo"",""probability"":0,""type"":""PROBABILITY""},{""name"":""Dan Crenshaw"",""probability"":0,""type"":""PROBABILITY""},{""name"":""Ayanna Pressley"",""probability"":0,""type"":""PROBABILITY""},{""name"":""Chris Christie"",""probability"":0,""type"":""PROBABILITY""},{""name"":""Ivanka Trump"",""probability"":0.060576690089653495,""type"":""PROBABILITY""},{""name"":""Candace Owens"",""probability"":0,""type"":""PROBABILITY""},{""name"":""Michael Bloomberg"",""probability"":0,""type"":""PROBABILITY""},{""name"":""Ron DeSantis"",""probability"":0,""type"":""PROBABILITY""}]","Who will win the 2024 United States presidential election? Candidates added on request.",,"★★☆☆☆"
"Will the Brexit/Reform Party reach 10% in a YouGov poll?","https://smarkets.com/event/41944336/politics/uk/nigel-farage/brexit-reform-party-to-poll-10","Smarkets","[{""name"":""Yes"",""probability"":0.12087805821487284,""type"":""PROBABILITY""},{""name"":""No"",""probability"":0.8791219417851271,""type"":""PROBABILITY""}]","Will the Brexit Party or Reform Party reach 10% in a UK voting intention poll conducted by YouGov by 23 March 2021?",,"★★☆☆☆"
"2021 London mayoral election second place","https://smarkets.com/event/41944560/politics/uk/2021-elections/2021-london-mayoral-election-2nd-place","Smarkets","[{""name"":""Shaun Bailey"",""probability"":0.8203969519758992,""type"":""PROBABILITY""},{""name"":""Sadiq Khan"",""probability"":0,""type"":""PROBABILITY""},{""name"":""Siân Berry"",""probability"":0,""type"":""PROBABILITY""},{""name"":""Luisa Porritt"",""probability"":0,""type"":""PROBABILITY""},{""name"":""Brian Rose"",""probability"":0.1303384724437356,""type"":""PROBABILITY""},{""name"":""Mandu Reid"",""probability"":0.049264575580365046,""type"":""PROBABILITY""}]","Who will finish in second place in the 2021 London mayoral election? Candidates added on request.",,"★★☆☆☆"
"Women's Equality Party to win a seat in the London Assembly","https://smarkets.com/event/41945749/politics/uk/2021-elections/london-assembly-women-s-equality-party-to-win-a-seat","Smarkets","[{""name"":""Yes"",""probability"":0.13046653884780424,""type"":""PROBABILITY""},{""name"":""No"",""probability"":0.8695334611521957,""type"":""PROBABILITY""}]","Will the Women's Equality Party win at least one seat in the London Assembly at the 2021 London Assembly election?",,"★★☆☆☆"
"Party's Candidate to win the the 2024 US election","https://smarkets.com/event/41945845/politics/us/2024-presidential-election/party-to-win-the-presidential-election","Smarkets","[{""name"":""Republican"",""probability"":0.4087618689480116,""type"":""PROBABILITY""},{""name"":""Democrat"",""probability"":0.5912381310519883,""type"":""PROBABILITY""}]","Contracts available on request.",,"★★☆☆☆"
"London Assembly: Labour majority","https://smarkets.com/event/41945873/politics/uk/2021-elections/london-assembly-labour-majority","Smarkets","[{""name"":""Yes"",""probability"":0.41771041084962107,""type"":""PROBABILITY""},{""name"":""No"",""probability"":0.5822895891503789,""type"":""PROBABILITY""}]","Will Labour win a majority on the London Assembly following the 2021 election?",,"★★☆☆☆"
"Senate-confirmed Treasury Secretary on 1st March 2021","https://smarkets.com/event/41947815/politics/us/biden-s-first-cabinet/senate-confirmed-treasury-secretary-on-1st-march-2021","Smarkets","[{""name"":""Lael Brainard"",""probability"":0.06041120230137913,""type"":""PROBABILITY""},{""name"":""Janet Yellen"",""probability"":0.8377189271511972,""type"":""PROBABILITY""},{""name"":""Roger Ferguson"",""probability"":0.03130552500211524,""type"":""PROBABILITY""},{""name"":""Steve Mnuchin"",""probability"":0.05643455453084017,""type"":""PROBABILITY""},{""name"":""Sarah Bloom Raskin"",""probability"":0.014129791014468228,""type"":""PROBABILITY""},{""name"":""Raphael Bostic"",""probability"":0,""type"":""PROBABILITY""},{""name"":""Gia Raimondo"",""probability"":0,""type"":""PROBABILITY""},{""name"":""Elizabeth Warren"",""probability"":0,""type"":""PROBABILITY""},{""name"":""Mellody Hobson"",""probability"":0,""type"":""PROBABILITY""}]","Contracts added on request",,"★★☆☆☆"
"Senate-confirmed Attorney General on 1st March 2021","https://smarkets.com/event/41947823/politics/us/biden-s-first-cabinet/attorney-general","Smarkets","[{""name"":""Doug Jones"",""probability"":0.006960879855213698,""type"":""PROBABILITY""},{""name"":""Sally Yates"",""probability"":0.2597104273980231,""type"":""PROBABILITY""},{""name"":""Xavier Becerra"",""probability"":0.011624669358206875,""type"":""PROBABILITY""},{""name"":""Bill Barr"",""probability"":0.004663789502993178,""type"":""PROBABILITY""},{""name"":""Amy Klobuchar"",""probability"":0.011624669358206875,""type"":""PROBABILITY""},{""name"":""Tom Perez"",""probability"":0.009257970207434218,""type"":""PROBABILITY""},{""name"":""Julian Castro"",""probability"":0.006960879855213698,""type"":""PROBABILITY""},{""name"":""Merrick Garland"",""probability"":0.6891967144647082,""type"":""PROBABILITY""}]","Contracts added on request.",,"★★☆☆☆"
"Senate-confirmed Secretary of State on the 15th February 2021","https://smarkets.com/event/41947824/politics/us/biden-s-first-cabinet/secretary-of-state","Smarkets","[{""name"":""Susan Rice"",""probability"":0.0781983109164842,""type"":""PROBABILITY""},{""name"":""Chris Coons"",""probability"":0.09540193931811071,""type"":""PROBABILITY""},{""name"":""Antony Blinken"",""probability"":0.7742414763841101,""type"":""PROBABILITY""},{""name"":""Mike Pompeo"",""probability"":0.05215827338129496,""type"":""PROBABILITY""},{""name"":""William Burns"",""probability"":0,""type"":""PROBABILITY""},{""name"":""Chris Murphy"",""probability"":0,""type"":""PROBABILITY""}]","Contracts added on request.",,"★★☆☆☆"
"How many party leaders will still be in post at the end of 2021?","https://smarkets.com/event/41947872/politics/uk/uk-party-leaders/party-leaders-at-end-of-2021","Smarkets","[{""name"":""Fewer than 3"",""probability"":0.10729116368903911,""type"":""PROBABILITY""},{""name"":""Exactly 3"",""probability"":0.33771125060357315,""type"":""PROBABILITY""},{""name"":""Exactly 4"",""probability"":0.5549975857073878,""type"":""PROBABILITY""}]","How many of the following four party leaders will still be in position on 31 December 2021: Boris Johnson, Keir Starmer, Ed Davey and Nicola Sturgeon?",,"★★☆☆☆"
"2021 Norwegian election: Most votes","https://smarkets.com/event/41955745/politics/europe/norway/2021-norwegian-parliamentary-election","Smarkets","[{""name"":""Conservative (Høyre)"",""probability"":0.49461823074335687,""type"":""PROBABILITY""},{""name"":""Labour (Arbeiderpartiet)"",""probability"":0.24024554322233435,""type"":""PROBABILITY""},{""name"":""Centre (Senterpartiet)"",""probability"":0.17162798520013453,""type"":""PROBABILITY""},{""name"":""Progress (Fremskrittspartiet)"",""probability"":0.04675412041708711,""type"":""PROBABILITY""},{""name"":""Socialist Left (Sosialistisk Venstreparti)"",""probability"":0.04675412041708711,""type"":""PROBABILITY""}]","Which party will receive the highest vote share in the 2021 Norwegian parliamentary election? (Norwegian names in brackets)",,"★★☆☆☆"
"2021 Norwegian election: Largest minor party","https://smarkets.com/event/41955751/politics/europe/norway/2021-norwegian-election-largest-minor-party","Smarkets","[{""name"":""Centre (Senterpartiet)"",""probability"":0.7432820245238717,""type"":""PROBABILITY""},{""name"":""Progress (Fremskrittspartiet)"",""probability"":0.17392816766675365,""type"":""PROBABILITY""},{""name"":""Socialist Left (Sosialistisk Venstreparti)"",""probability"":0.08278980780937473,""type"":""PROBABILITY""}]","Which party will receive the highest vote share in the 2021 Norwegian election, excluding the Conservative and Labour parties? Parties added on request.",,"★★☆☆☆"
"2021 Dutch election: PVV seats","https://smarkets.com/event/41957097/politics/europe/netherlands/2021-dutch-election-pvv-seats","Smarkets","[{""name"":""Fewer than 20"",""probability"":0.37535993418346364,""type"":""PROBABILITY""},{""name"":""20–24"",""probability"":0.32651172357054714,""type"":""PROBABILITY""},{""name"":""25 or more"",""probability"":0.29812834224598933,""type"":""PROBABILITY""}]","How many seats will PVV win in the 2021 Dutch general election?",,"★★☆☆☆"
"2021 Dutch election: Government seats","https://smarkets.com/event/41958584/politics/europe/netherlands/2021-dutch-election-government-seats","Smarkets","[{""name"":""Fewer than 65"",""probability"":0.16449558546822984,""type"":""PROBABILITY""},{""name"":""65–69"",""probability"":0.2783326096396005,""type"":""PROBABILITY""},{""name"":""70–74"",""probability"":0.27001013171225935,""type"":""PROBABILITY""},{""name"":""75 or more"",""probability"":0.28716167317991026,""type"":""PROBABILITY""}]","How many seats will the People's Party for Freedom and Democracy (VVD), Christian Democratic Appeal (CDA), Democrats 66 (D66) and Christian Union (CU) win in the 2021 Dutch general election?",,"★★☆☆☆"
"2021 Dutch election: Biggest left party","https://smarkets.com/event/41958591/politics/europe/netherlands/2021-dutch-election-biggest-left-party","Smarkets","[{""name"":""GroenLinks"",""probability"":0.33217726396917147,""type"":""PROBABILITY""},{""name"":""Socialist Party (Socialistische Partij)"",""probability"":0.15539499036608861,""type"":""PROBABILITY""},{""name"":""Labour Party (Partij van de Arbeid)"",""probability"":0.5124277456647399,""type"":""PROBABILITY""}]","Which of the following three parties will win the most seats in the 2021 Dutch general election: GroenLinks, Socialist Party or Labour Party?",,"★★☆☆☆"
"Brexit Party to control any council","https://smarkets.com/event/41967411/politics/uk/local-elections/brexit-party-to-control-any-council","Smarkets","[{""name"":""Yes"",""probability"":0.050332192470304,""type"":""PROBABILITY""},{""name"":""No"",""probability"":0.949667807529696,""type"":""PROBABILITY""}]","Will the Brexit Party/Reform Party win a majority of seats on any council at the 2021 local elections?",,"★★☆☆☆"
"Brexit Party to win a seat in the London Assembly","https://smarkets.com/event/41967432/politics/uk/2021-elections/brexit-party-to-win-a-london-assembly-seat","Smarkets","[{""name"":""Yes"",""probability"":0.3273897602841077,""type"":""PROBABILITY""},{""name"":""No"",""probability"":0.6726102397158923,""type"":""PROBABILITY""}]","Will the Brexit Party/Reform Party win at least one seat in the London Assembly at the 2021 London Assembly election?",,"★★☆☆☆"
"London Assembly: Liberal Democrat seats","https://smarkets.com/event/41968727/politics/uk/2021-elections/london-assembly-liberal-democrat-seats","Smarkets","[{""name"":""0–2"",""probability"":0.735589201021525,""type"":""PROBABILITY""},{""name"":""3 or more"",""probability"":0.26441079897847497,""type"":""PROBABILITY""}]","How many seats will the Liberal Democrats win in the 2021 London Assembly election?",,"★★☆☆☆"
"Joe Biden's first international visit","https://smarkets.com/event/41980144/politics/us/joe-biden/biden-s-first-international-visit","Smarkets","[{""name"":""United Kingdom"",""probability"":0.6994758816736253,""type"":""PROBABILITY""},{""name"":""Republic of Ireland"",""probability"":0.22208403659944925,""type"":""PROBABILITY""},{""name"":""France"",""probability"":0.03553344585591188,""type"":""PROBABILITY""},{""name"":""Germany"",""probability"":0.02958159367504664,""type"":""PROBABILITY""},{""name"":""China"",""probability"":0.004441680731988985,""type"":""PROBABILITY""},{""name"":""Ukraine"",""probability"":0.00888336146397797,""type"":""PROBABILITY""}]","Which of these countries will be visited by Joe Biden first in his role as President of the United States?",,"★★☆☆☆"
"Biden approval on day 100","https://smarkets.com/event/42015053/politics/us/joe-biden/biden-approval-on-day-100","Smarkets","[{""name"":""Under 45%"",""probability"":0.031069884726224784,""type"":""PROBABILITY""},{""name"":""45–49.9%"",""probability"":0.18759005763688757,""type"":""PROBABILITY""},{""name"":""50–54.9%"",""probability"":0.35455691642651294,""type"":""PROBABILITY""},{""name"":""55–59.9%"",""probability"":0.3310518731988472,""type"":""PROBABILITY""},{""name"":""60–64.9%"",""probability"":0.08186239193083573,""type"":""PROBABILITY""},{""name"":""65% or over"",""probability"":0.013868876080691641,""type"":""PROBABILITY""}]","What will Joe Biden's approval rating be on FiveThirtyEight on day 100 of his presidency?",,"★★☆☆☆"
"Matt Hancock to remain Health Secretary","https://smarkets.com/event/42015339/politics/uk/cabinet/matt-hancock-to-leave-post","Smarkets","[{""name"":""Yes"",""probability"":0.8372011251758087,""type"":""PROBABILITY""},{""name"":""No"",""probability"":0.16279887482419128,""type"":""PROBABILITY""}]","Will Matt Hancock be in position as Health Secretary on 1 July 2021?",,"★★☆☆☆"
"Gavin Williamson to remain Education Secretary","https://smarkets.com/event/42015372/politics/uk/cabinet/gavin-williamson-to-remain-education-secretary","Smarkets","[{""name"":""Yes"",""probability"":0.7583376623376623,""type"":""PROBABILITY""},{""name"":""No"",""probability"":0.2416623376623377,""type"":""PROBABILITY""}]","Will Gavin Williamson be in position as Education Secretary on 1 July 2021?",,"★★☆☆☆"
"Party to provide the Premier following the 2021 Western Australia state election","https://smarkets.com/event/42020442/politics/world/australian-politics/western-australia-general-election","Smarkets","[{""name"":""Labor"",""probability"":0.7427606901725431,""type"":""PROBABILITY""},{""name"":""Coalition"",""probability"":0.10720180045011252,""type"":""PROBABILITY""},{""name"":""Greens"",""probability"":0.07501875468867217,""type"":""PROBABILITY""},{""name"":""Any other party"",""probability"":0.07501875468867217,""type"":""PROBABILITY""}]","",,"★★☆☆☆"
"2021 West Yorkshire mayoral election winner","https://smarkets.com/event/42020574/politics/uk/local-elections/2021-west-yorkshire-mayoral-election","Smarkets","[{""name"":""Tracy Brabin"",""probability"":0.8051441932969603,""type"":""PROBABILITY""},{""name"":""Conservative Party candidate"",""probability"":0.19485580670303976,""type"":""PROBABILITY""}]","Who will be elected mayor of West Yorkshire in the 2021 mayoral election? Contracts added on request.",,"★★☆☆☆"
"Rutherglen and Hamilton West by-election winner","https://smarkets.com/event/42022415/politics/uk/by-elections/rutherglen-and-hamilton-west-by-election","Smarkets","[{""name"":""SNP"",""probability"":0.8041970638566154,""type"":""PROBABILITY""},{""name"":""Labour"",""probability"":0.19580293614338465,""type"":""PROBABILITY""}]","Which party will win the Rutherglen and Hamilton West by-election? Contracts added on request.",,"★★☆☆☆"
"Most seats in the Bulgarian National Assembly election","https://smarkets.com/event/42022501/politics/europe/bulgaria/bulgarian-national-assembly-election-2021","Smarkets","[{""name"":""GERB"",""probability"":0.580894931124516,""type"":""PROBABILITY""},{""name"":""BSP"",""probability"":0.38804357612316553,""type"":""PROBABILITY""},{""name"":""ITN"",""probability"":0.031061492752318356,""type"":""PROBABILITY""}]","",,"★★☆☆☆"
"Rutherglen and Hamilton West by-election: SNP vote share","https://smarkets.com/event/42025571/politics/uk/by-elections/rutherglen-and-hamilton-west-by-election-snp-share","Smarkets","[{""name"":""Under 45%"",""probability"":0.32353451266042316,""type"":""PROBABILITY""},{""name"":""45.0–49.9%"",""probability"":0.4250780437044745,""type"":""PROBABILITY""},{""name"":""50% or over"",""probability"":0.2513874436351023,""type"":""PROBABILITY""}]","What percentage of the vote will the SNP candidate receive in the Rutherglen and Hamilton West by-election?",,"★★☆☆☆"
"Netanyahu to be Israeli PM on 1 July?","https://smarkets.com/event/42025628/politics/world/israel/will-netanyahu-be-israeli-pm-on-1-july","Smarkets","[{""name"":""Yes"",""probability"":0.724179585262734,""type"":""PROBABILITY""},{""name"":""No"",""probability"":0.27582041473726593,""type"":""PROBABILITY""}]","Will Benjamin Netanyahu be Prime Minister of Israel on 1 July 2021?",,"★★☆☆☆"
"London elections: In-person voting","https://smarkets.com/event/42026863/politics/uk/2021-elections/london-elections-in-person-voting","Smarkets","[{""name"":""In-person and postal voting"",""probability"":0.947219512195122,""type"":""PROBABILITY""},{""name"":""Postal voting only"",""probability"":0.05278048780487805,""type"":""PROBABILITY""}]","Will in-person voting go ahead in the 2021 London elections, or will they be conducted by postal voting only?",,"★★☆☆☆"
"London Elections to take place on 6th May 2021","https://smarkets.com/event/42031427/politics/uk/2021-elections/london-elections-to-go-ahead","Smarkets","[{""name"":""Yes"",""probability"":0.8996919522525991,""type"":""PROBABILITY""},{""name"":""No"",""probability"":0.10030804774740085,""type"":""PROBABILITY""}]","",,"★★☆☆☆"
"Next Scottish Labour leader","https://smarkets.com/event/42036626/politics/uk/uk-party-leaders/next-scottish-labour-leader","Smarkets","[{""name"":""Anas Sarwar"",""probability"":0.5537514335727651,""type"":""PROBABILITY""},{""name"":""Claire Baker"",""probability"":0.020824530693547415,""type"":""PROBABILITY""},{""name"":""Gordon Brown"",""probability"":0.023238969034828274,""type"":""PROBABILITY""},{""name"":""Ian Murray"",""probability"":0.07364036940906622,""type"":""PROBABILITY""},{""name"":""Jackie Baillie"",""probability"":0.07738274883805156,""type"":""PROBABILITY""},{""name"":""James Kelly"",""probability"":0,""type"":""PROBABILITY""},{""name"":""Monica Lennon"",""probability"":0.18289370435202512,""type"":""PROBABILITY""},{""name"":""Rhoda Grant"",""probability"":0,""type"":""PROBABILITY""},{""name"":""Tony Blair"",""probability"":0,""type"":""PROBABILITY""},{""name"":""Paul Sweeney"",""probability"":0.043097724391863344,""type"":""PROBABILITY""},{""name"":""Alistair Darling"",""probability"":0.025170519707852963,""type"":""PROBABILITY""},{""name"":""Daniel Johnson"",""probability"":0,""type"":""PROBABILITY""}]","Who will be the next permanent leader of the Scottish Labour Party? Candidates added on request.",,"★★☆☆☆"
"$2,000 stimulus checks in Biden's first 100 days","https://smarkets.com/event/42037956/politics/us/joe-biden/2000-stimulus-in-biden-s-first-100-days","Smarkets","[{""name"":""Yes"",""probability"":0.016748570855480892,""type"":""PROBABILITY""},{""name"":""No"",""probability"":0.9832514291445191,""type"":""PROBABILITY""}]","Will the House and Senate agree to stimulus checks of $2,000 to American citizens (excluding the $600 already paid) in the first 100 days of Joe Biden's presidency?",,"★★☆☆☆"
"New York City mayoral election 2021: Democratic candidate","https://smarkets.com/event/42042481/politics/us/2021-elections/new-york-city-mayoral-election-2021","Smarkets","[{""name"":""Andrew Yang"",""probability"":0.5057791948983659,""type"":""PROBABILITY""},{""name"":""Eric Adams"",""probability"":0.1811478676763651,""type"":""PROBABILITY""},{""name"":""Scott Stringer"",""probability"":0.09057393383818255,""type"":""PROBABILITY""},{""name"":""Raymond McGuire"",""probability"":0.04533678756476684,""type"":""PROBABILITY""},{""name"":""Maya Wiley"",""probability"":0.11857313670785173,""type"":""PROBABILITY""},{""name"":""Shaun Donovan"",""probability"":0,""type"":""PROBABILITY""},{""name"":""Dianne Morales"",""probability"":0.05858907931446791,""type"":""PROBABILITY""},{""name"":""Kathryn Garcia"",""probability"":0,""type"":""PROBABILITY""}]","Who will win the Democratic primary to be the party's candidate for the 2021 New York City mayoral election? Candidates added on request.",,"★★☆☆☆"
"Trump to create new political party","https://smarkets.com/event/42047360/politics/us/donald-trump/trump-to-create-new-political-party","Smarkets","[{""name"":""Yes"",""probability"":0.12945111154829825,""type"":""PROBABILITY""},{""name"":""No"",""probability"":0.8705488884517018,""type"":""PROBABILITY""}]","Will Donald Trump create (or affiliate himself with) a new political party in 2021?",,"★★☆☆☆"
"Most seats following the German Federal Election 2021","https://smarkets.com/event/42048426/politics/europe/germany/german-federal-election","Smarkets","[{""name"":""CDU + CSU"",""probability"":0.8866338069005509,""type"":""PROBABILITY""},{""name"":""SPD"",""probability"":0.053735382236397025,""type"":""PROBABILITY""},{""name"":""Greens"",""probability"":0.04204117135401566,""type"":""PROBABILITY""},{""name"":""AfD"",""probability"":0.01758963950903644,""type"":""PROBABILITY""}]","",,"★★☆☆☆"
"Donald Trump Jr. to run in the 2022 Pennsylvania Republican Senate primary","https://smarkets.com/event/42048465/politics/us/2021-elections/donald-trump-jr","Smarkets","[{""name"":""Yes"",""probability"":null,""type"":""PROBABILITY""},{""name"":""No"",""probability"":null,""type"":""PROBABILITY""}]","",,"★★☆☆☆"
"2022 House of Representatives control","https://smarkets.com/event/42048472/politics/us/2021-elections/2022-house-of-representatives-control","Smarkets","[{""name"":""Democratic"",""probability"":0.3759190298863745,""type"":""PROBABILITY""},{""name"":""Republican"",""probability"":0.6240809701136256,""type"":""PROBABILITY""}]","Which party will win the most seats in the 2022 House of Representatives elections?",,"★★☆☆☆"
"President Joe Biden to leave office in his first term via Impeachment, Resignation or the 25th Amendment","https://smarkets.com/event/42048883/politics/us/joe-biden/biden-to-leave-officeq","Smarkets","[{""name"":""Yes"",""probability"":0.40477636106051407,""type"":""PROBABILITY""},{""name"":""No"",""probability"":0.5952236389394859,""type"":""PROBABILITY""}]","",,"★★☆☆☆"
"2022 Senate control","https://smarkets.com/event/42048961/politics/us/2021-elections/2022-senate-control","Smarkets","[{""name"":""Democratic"",""probability"":0.42413301662707836,""type"":""PROBABILITY""},{""name"":""Republican"",""probability"":0.5758669833729216,""type"":""PROBABILITY""}]","Which party will control the United States Senate following the 2022 midterm elections?",,"★★☆☆☆"
"Lisa Nandy to remain the Labour Party's Shadow Secretary of State for FCO until at least the 1st January 2022","https://smarkets.com/event/42048963/politics/uk/shadow-cabinet-ministers/lisa-nandy","Smarkets","[{""name"":""Yes"",""probability"":0.6005369127516779,""type"":""PROBABILITY""},{""name"":""No"",""probability"":0.39946308724832214,""type"":""PROBABILITY""}]","",,"★★☆☆☆"
"2022 House and Senate control","https://smarkets.com/event/42048965/politics/us/2021-elections/2022-house-and-senate-control","Smarkets","[{""name"":""D House / D Senate"",""probability"":0.2841289413422582,""type"":""PROBABILITY""},{""name"":""D House / R Senate"",""probability"":0.12585872820151486,""type"":""PROBABILITY""},{""name"":""R House / D Senate"",""probability"":0.2230051083318654,""type"":""PROBABILITY""},{""name"":""R House / R Senate"",""probability"":0.36700722212436143,""type"":""PROBABILITY""}]","Who will control the House and Senate following the 2022 midterm elections?",,"★★☆☆☆"
"Harriet Tubman to appear on the US $20 note in 2021","https://smarkets.com/event/42056981/politics/us/dollars/harriet-tubman","Smarkets","[{""name"":""Yes"",""probability"":0.4627465644573245,""type"":""PROBABILITY""},{""name"":""No"",""probability"":0.5372534355426755,""type"":""PROBABILITY""}]","",,"★★☆☆☆"
"2021 Dutch election: Most seats","https://smarkets.com/event/42057130/politics/europe/netherlands/2021-dutch-election-most-seats","Smarkets","[{""name"":""VVD (People's Party for Freedom and Democracy)"",""probability"":0.9794242753981601,""type"":""PROBABILITY""},{""name"":""PVV (Party for Freedom)"",""probability"":0.020575724601839946,""type"":""PROBABILITY""}]","Which party will win the most seats in the 2021 Dutch general election?",,"★★☆☆☆"
"Turnout of the Scottish Parliament Election in 2021 (FPTP figure)","https://smarkets.com/event/42058821/politics/uk/scotland/scottish-parliament-election-2021-turnout","Smarkets","[{""name"":""50% and below"",""probability"":0,""type"":""PROBABILITY""},{""name"":""51-53%"",""probability"":0,""type"":""PROBABILITY""},{""name"":""54-56%"",""probability"":1,""type"":""PROBABILITY""},{""name"":""57%+"",""probability"":0,""type"":""PROBABILITY""}]","",,"★★☆☆☆"
"Marjorie Taylor Greene to be expelled from Congress","https://smarkets.com/event/42064701/politics/us/marjorie-taylor-greene/marjorie-taylor-greene-to-be-expelled-from-congress","Smarkets","[{""name"":""Yes"",""probability"":0.06661340257665035,""type"":""PROBABILITY""},{""name"":""No"",""probability"":0.9333865974233496,""type"":""PROBABILITY""}]","Will US Representative Marjorie Taylor Greene be expelled from the House of Representatives by the end of April 2021?",,"★★☆☆☆"
"2021 Israeli election: Likud seats","https://smarkets.com/event/42067807/politics/world/israel/israeli-election-2021-likud-seats","Smarkets","[{""name"":""26 or fewer"",""probability"":0.15618714473108875,""type"":""PROBABILITY""},{""name"":""27–28"",""probability"":0.174901617839965,""type"":""PROBABILITY""},{""name"":""29–30"",""probability"":0.2610406646261478,""type"":""PROBABILITY""},{""name"":""31–32"",""probability"":0.23637953651071272,""type"":""PROBABILITY""},{""name"":""33 or more"",""probability"":0.17149103629208567,""type"":""PROBABILITY""}]","How many seats will Likud win in the March 2021 Israeli legislative election?",,"★★☆☆☆"
"2021 Israeli election: Joint List seats","https://smarkets.com/event/42067810/politics/world/israel/israeli-election-2021-joint-list-seats","Smarkets","[{""name"":""8 or fewer"",""probability"":0.5,""type"":""PROBABILITY""},{""name"":""9 or more"",""probability"":0.5,""type"":""PROBABILITY""}]","How many seats will the Joint List win in the 2021 Israeli legislative election?",,"★★☆☆☆"